filename,num_tokens,num_words,num_numbers,num_other,dominant
cell_r0_c0_blob_1_word_1.png,0,0,0,0,none
cell_r0_c0_blob_2_word_1.png,0,0,0,0,none
cell_r0_c1_blob_1_word_1.png,1,1,0,0,words
cell_r0_c1_blob_1_word_2.png,0,0,0,0,none
cell_r0_c2_blob_1_word_1.png,1,0,0,1,other
cell_r0_c2_blob_1_word_2.png,1,0,0,1,other
cell_r0_c2_blob_1_word_3.png,0,0,0,0,none
cell_r0_c3_blob_1_word_1.png,0,0,0,0,none
cell_r0_c3_blob_1_word_2.png,0,0,0,0,none
cell_r0_c4_blob_1_word_1.png,0,0,0,0,none
cell_r0_c4_blob_1_word_10.png,0,0,0,0,none
cell_r0_c4_blob_1_word_11.png,0,0,0,0,none
cell_r0_c4_blob_1_word_12.png,0,0,0,0,none
cell_r0_c4_blob_1_word_13.png,1,1,0,0,words
cell_r0_c4_blob_1_word_14.png,3,3,0,0,words
cell_r0_c4_blob_1_word_15.png,0,0,0,0,none
cell_r0_c4_blob_1_word_16.png,0,0,0,0,none
cell_r0_c4_blob_1_word_17.png,0,0,0,0,none
cell_r0_c4_blob_1_word_18.png,0,0,0,0,none
cell_r0_c4_blob_1_word_19.png,0,0,0,0,none
cell_r0_c4_blob_1_word_2.png,0,0,0,0,none
cell_r0_c4_blob_1_word_20.png,0,0,0,0,none
cell_r0_c4_blob_1_word_21.png,0,0,0,0,none
cell_r0_c4_blob_1_word_22.png,2,2,0,0,words
cell_r0_c4_blob_1_word_23.png,1,1,0,0,words
cell_r0_c4_blob_1_word_24.png,1,0,0,1,other
cell_r0_c4_blob_1_word_25.png,0,0,0,0,none
cell_r0_c4_blob_1_word_26.png,1,0,0,1,other
cell_r0_c4_blob_1_word_3.png,0,0,0,0,none
cell_r0_c4_blob_1_word_4.png,0,0,0,0,none
cell_r0_c4_blob_1_word_5.png,0,0,0,0,none
cell_r0_c4_blob_1_word_6.png,0,0,0,0,none
cell_r0_c4_blob_1_word_7.png,0,0,0,0,none
cell_r0_c4_blob_1_word_8.png,1,0,0,1,other
cell_r0_c4_blob_1_word_9.png,0,0,0,0,none
cell_r10_c0_blob_1_word_1.png,0,0,0,0,none
cell_r10_c10_blob_1_word_1.png,0,0,0,0,none
cell_r10_c10_blob_1_word_2.png,0,0,0,0,none
cell_r10_c10_blob_1_word_3.png,1,1,0,0,words
cell_r10_c10_blob_1_word_4.png,0,0,0,0,none
cell_r10_c11_blob_1_word_1.png,1,1,0,0,words
cell_r10_c11_blob_1_word_2.png,2,1,0,1,words
cell_r10_c12_blob_1_word_1.png,0,0,0,0,none
cell_r10_c13_blob_1_word_1.png,0,0,0,0,none
cell_r10_c14_blob_1_word_1.png,0,0,0,0,none
cell_r10_c14_blob_1_word_2.png,0,0,0,0,none
cell_r10_c14_blob_1_word_3.png,0,0,0,0,none
cell_r10_c15_blob_1_word_1.png,0,0,0,0,none
cell_r10_c15_blob_1_word_2.png,0,0,0,0,none
cell_r10_c15_blob_1_word_3.png,1,1,0,0,words
cell_r10_c16_blob_1_word_1.png,1,1,0,0,words
cell_r10_c17_blob_1_word_1.png,0,0,0,0,none
cell_r10_c17_blob_1_word_2.png,0,0,0,0,none
cell_r10_c17_blob_1_word_3.png,0,0,0,0,none
cell_r10_c17_blob_1_word_4.png,0,0,0,0,none
cell_r10_c18_blob_1_word_1.png,0,0,0,0,none
cell_r10_c18_blob_1_word_2.png,0,0,0,0,none
cell_r10_c18_blob_1_word_3.png,0,0,0,0,none
cell_r10_c18_blob_1_word_4.png,0,0,0,0,none
cell_r10_c1_blob_1_word_1.png,0,0,0,0,none
cell_r10_c1_blob_1_word_2.png,0,0,0,0,none
cell_r10_c1_blob_1_word_3.png,1,1,0,0,words
cell_r10_c1_blob_1_word_4.png,0,0,0,0,none
cell_r10_c1_blob_1_word_5.png,0,0,0,0,none
cell_r10_c4_blob_1_word_1.png,0,0,0,0,none
cell_r10_c6_blob_1_word_1.png,0,0,0,0,none
cell_r10_c6_blob_1_word_2.png,1,0,0,1,other
cell_r10_c6_blob_1_word_3.png,0,0,0,0,none
cell_r10_c6_blob_1_word_4.png,0,0,0,0,none
cell_r10_c7_blob_1_word_1.png,1,1,0,0,words
cell_r10_c8_blob_1_word_1.png,0,0,0,0,none
cell_r10_c9_blob_1_word_1.png,1,0,1,0,numbers
cell_r11_c0_blob_1_word_1.png,1,0,1,0,numbers
cell_r11_c10_blob_1_word_1.png,0,0,0,0,none
cell_r11_c10_blob_1_word_2.png,1,1,0,0,words
cell_r11_c10_blob_1_word_3.png,1,1,0,0,words
cell_r11_c10_blob_1_word_4.png,0,0,0,0,none
cell_r11_c10_blob_1_word_5.png,0,0,0,0,none
cell_r11_c10_blob_1_word_6.png,0,0,0,0,none
cell_r11_c11_blob_1_word_1.png,1,0,0,1,other
cell_r11_c12_blob_1_word_1.png,1,0,1,0,numbers
cell_r11_c12_blob_1_word_2.png,1,1,0,0,words
cell_r11_c13_blob_1_word_1.png,1,1,0,0,words
cell_r11_c14_blob_1_word_1.png,1,0,1,0,numbers
cell_r11_c14_blob_1_word_2.png,0,0,0,0,none
cell_r11_c14_blob_1_word_3.png,0,0,0,0,none
cell_r11_c15_blob_1_word_1.png,0,0,0,0,none
cell_r11_c15_blob_1_word_2.png,0,0,0,0,none
cell_r11_c15_blob_1_word_3.png,0,0,0,0,none
cell_r11_c15_blob_1_word_4.png,1,1,0,0,words
cell_r11_c16_blob_1_word_1.png,1,1,0,0,words
cell_r11_c17_blob_1_word_1.png,1,1,0,0,words
cell_r11_c17_blob_1_word_2.png,0,0,0,0,none
cell_r11_c17_blob_1_word_3.png,1,1,0,0,words
cell_r11_c17_blob_1_word_4.png,0,0,0,0,none
cell_r11_c18_blob_1_word_1.png,0,0,0,0,none
cell_r11_c18_blob_1_word_2.png,0,0,0,0,none
cell_r11_c18_blob_1_word_3.png,0,0,0,0,none
cell_r11_c18_blob_1_word_4.png,1,0,1,0,numbers
cell_r11_c1_blob_1_word_1.png,0,0,0,0,none
cell_r11_c1_blob_1_word_2.png,0,0,0,0,none
cell_r11_c1_blob_1_word_3.png,1,1,0,0,words
cell_r11_c1_blob_1_word_4.png,0,0,0,0,none
cell_r11_c1_blob_1_word_5.png,0,0,0,0,none
cell_r11_c4_blob_1_word_1.png,2,1,0,1,words
cell_r11_c5_blob_1_word_1.png,0,0,0,0,none
cell_r11_c6_blob_1_word_1.png,1,0,0,1,other
cell_r11_c6_blob_1_word_2.png,0,0,0,0,none
cell_r11_c6_blob_1_word_3.png,1,0,0,1,other
cell_r11_c6_blob_1_word_4.png,0,0,0,0,none
cell_r11_c7_blob_1_word_1.png,1,1,0,0,words
cell_r11_c7_blob_1_word_2.png,1,1,0,0,words
cell_r11_c7_blob_1_word_3.png,0,0,0,0,none
cell_r11_c8_blob_1_word_1.png,0,0,0,0,none
cell_r12_c0_blob_1_word_1.png,1,1,0,0,words
cell_r12_c1_blob_1_word_1.png,1,1,0,0,words
cell_r12_c1_blob_1_word_2.png,1,1,0,0,words
cell_r12_c1_blob_1_word_3.png,0,0,0,0,none
cell_r12_c1_blob_1_word_4.png,0,0,0,0,none
cell_r12_c1_blob_1_word_5.png,1,0,0,1,other
cell_r12_c1_blob_1_word_6.png,1,0,0,1,other
cell_r12_c1_blob_1_word_7.png,2,2,0,0,words
cell_r12_c1_blob_1_word_8.png,1,1,0,0,words
cell_r12_c1_blob_1_word_9.png,0,0,0,0,none
cell_r12_c1_blob_2_word_1.png,0,0,0,0,none
cell_r12_c1_blob_2_word_2.png,0,0,0,0,none
cell_r12_c1_blob_2_word_3.png,0,0,0,0,none
cell_r12_c1_blob_2_word_4.png,1,0,0,1,other
cell_r12_c1_blob_2_word_5.png,0,0,0,0,none
cell_r12_c1_blob_2_word_6.png,0,0,0,0,none
cell_r12_c3_blob_1_word_1.png,1,1,0,0,words
cell_r13_c0_blob_1_word_1.png,1,0,0,1,other
cell_r13_c10_blob_1_word_1.png,0,0,0,0,none
cell_r13_c10_blob_1_word_2.png,0,0,0,0,none
cell_r13_c11_blob_1_word_1.png,0,0,0,0,none
cell_r13_c11_blob_1_word_2.png,1,0,0,1,other
cell_r13_c11_blob_1_word_3.png,1,0,1,0,numbers
cell_r13_c11_blob_1_word_4.png,0,0,0,0,none
cell_r13_c12_blob_1_word_1.png,1,1,0,0,words
cell_r13_c13_blob_1_word_1.png,1,0,1,0,numbers
cell_r13_c14_blob_1_word_1.png,0,0,0,0,none
cell_r13_c15_blob_1_word_1.png,0,0,0,0,none
cell_r13_c15_blob_1_word_2.png,0,0,0,0,none
cell_r13_c16_blob_1_word_1.png,0,0,0,0,none
cell_r13_c17_blob_1_word_1.png,0,0,0,0,none
cell_r13_c17_blob_1_word_2.png,0,0,0,0,none
cell_r13_c17_blob_1_word_3.png,1,1,0,0,words
cell_r13_c17_blob_1_word_4.png,0,0,0,0,none
cell_r13_c18_blob_1_word_1.png,0,0,0,0,none
cell_r13_c18_blob_1_word_2.png,0,0,0,0,none
cell_r13_c1_blob_1_word_1.png,1,1,0,0,words
cell_r13_c1_blob_1_word_2.png,0,0,0,0,none
cell_r13_c1_blob_1_word_3.png,1,0,0,1,other
cell_r13_c1_blob_1_word_4.png,0,0,0,0,none
cell_r13_c1_blob_1_word_5.png,0,0,0,0,none
cell_r13_c4_blob_1_word_1.png,0,0,0,0,none
cell_r13_c5_blob_1_word_1.png,1,1,0,0,words
cell_r13_c6_blob_1_word_1.png,0,0,0,0,none
cell_r13_c6_blob_1_word_2.png,0,0,0,0,none
cell_r13_c7_blob_1_word_1.png,0,0,0,0,none
cell_r13_c7_blob_1_word_2.png,0,0,0,0,none
cell_r13_c8_blob_1_word_1.png,1,1,0,0,words
cell_r13_c9_blob_1_word_1.png,1,1,0,0,words
cell_r14_c0_blob_1_word_1.png,0,0,0,0,none
cell_r14_c10_blob_1_word_1.png,1,0,0,1,other
cell_r14_c10_blob_1_word_2.png,0,0,0,0,none
cell_r14_c10_blob_1_word_3.png,0,0,0,0,none
cell_r14_c11_blob_1_word_1.png,0,0,0,0,none
cell_r14_c11_blob_1_word_2.png,0,0,0,0,none
cell_r14_c11_blob_1_word_3.png,1,1,0,0,words
cell_r14_c12_blob_1_word_1.png,0,0,0,0,none
cell_r14_c13_blob_1_word_1.png,1,1,0,0,words
cell_r14_c14_blob_1_word_1.png,0,0,0,0,none
cell_r14_c14_blob_1_word_2.png,1,0,0,1,other
cell_r14_c15_blob_1_word_1.png,1,0,1,0,numbers
cell_r14_c15_blob_1_word_2.png,1,1,0,0,words
cell_r14_c15_blob_1_word_3.png,1,1,0,0,words
cell_r14_c16_blob_1_word_1.png,1,0,1,0,numbers
cell_r14_c17_blob_1_word_1.png,0,0,0,0,none
cell_r14_c17_blob_1_word_2.png,0,0,0,0,none
cell_r14_c18_blob_1_word_1.png,0,0,0,0,none
cell_r14_c18_blob_1_word_2.png,0,0,0,0,none
cell_r14_c1_blob_1_word_1.png,1,1,0,0,words
cell_r14_c1_blob_1_word_2.png,1,1,0,0,words
cell_r14_c1_blob_1_word_3.png,0,0,0,0,none
cell_r14_c1_blob_1_word_4.png,1,1,0,0,words
cell_r14_c1_blob_1_word_5.png,1,1,0,0,words
cell_r14_c1_blob_1_word_6.png,0,0,0,0,none
cell_r14_c4_blob_1_word_1.png,0,0,0,0,none
cell_r14_c6_blob_1_word_1.png,0,0,0,0,none
cell_r14_c6_blob_1_word_2.png,2,1,1,0,mixed
cell_r14_c7_blob_1_word_1.png,0,0,0,0,none
cell_r14_c7_blob_1_word_2.png,0,0,0,0,none
cell_r14_c8_blob_1_word_1.png,0,0,0,0,none
cell_r14_c9_blob_1_word_1.png,1,1,0,0,words
cell_r15_c0_blob_1_word_1.png,1,1,0,0,words
cell_r15_c0_blob_1_word_2.png,1,0,1,0,numbers
cell_r15_c10_blob_1_word_1.png,0,0,0,0,none
cell_r15_c10_blob_1_word_2.png,0,0,0,0,none
cell_r15_c10_blob_1_word_3.png,0,0,0,0,none
cell_r15_c10_blob_1_word_4.png,1,1,0,0,words
cell_r15_c11_blob_1_word_1.png,0,0,0,0,none
cell_r15_c11_blob_1_word_2.png,0,0,0,0,none
cell_r15_c11_blob_1_word_3.png,0,0,0,0,none
cell_r15_c12_blob_1_word_1.png,0,0,0,0,none
cell_r15_c14_blob_1_word_1.png,0,0,0,0,none
cell_r15_c14_blob_1_word_2.png,0,0,0,0,none
cell_r15_c14_blob_1_word_3.png,1,0,0,1,other
cell_r15_c15_blob_1_word_1.png,0,0,0,0,none
cell_r15_c16_blob_1_word_1.png,1,1,0,0,words
cell_r15_c17_blob_1_word_1.png,1,1,0,0,words
cell_r15_c17_blob_1_word_2.png,0,0,0,0,none
cell_r15_c17_blob_1_word_3.png,0,0,0,0,none
cell_r15_c18_blob_1_word_1.png,1,0,0,1,other
cell_r15_c18_blob_1_word_2.png,0,0,0,0,none
cell_r15_c18_blob_1_word_3.png,0,0,0,0,none
cell_r15_c1_blob_1_word_1.png,0,0,0,0,none
cell_r15_c1_blob_1_word_2.png,1,1,0,0,words
cell_r15_c1_blob_1_word_3.png,0,0,0,0,none
cell_r15_c1_blob_1_word_4.png,1,1,0,0,words
cell_r15_c1_blob_1_word_5.png,1,1,0,0,words
cell_r15_c4_blob_1_word_1.png,0,0,0,0,none
cell_r15_c5_blob_1_word_1.png,1,0,0,1,other
cell_r15_c6_blob_1_word_1.png,1,1,0,0,words
cell_r15_c6_blob_1_word_2.png,0,0,0,0,none
cell_r15_c6_blob_1_word_3.png,0,0,0,0,none
cell_r15_c7_blob_1_word_1.png,0,0,0,0,none
cell_r15_c7_blob_1_word_2.png,0,0,0,0,none
cell_r15_c8_blob_1_word_1.png,1,1,0,0,words
cell_r15_c9_blob_1_word_1.png,0,0,0,0,none
cell_r16_c0_blob_1_word_1.png,0,0,0,0,none
cell_r16_c10_blob_1_word_1.png,0,0,0,0,none
cell_r16_c10_blob_1_word_2.png,0,0,0,0,none
cell_r16_c10_blob_1_word_3.png,0,0,0,0,none
cell_r16_c11_blob_1_word_1.png,1,1,0,0,words
cell_r16_c11_blob_1_word_2.png,0,0,0,0,none
cell_r16_c11_blob_1_word_3.png,0,0,0,0,none
cell_r16_c11_blob_1_word_4.png,1,1,0,0,words
cell_r16_c12_blob_1_word_1.png,0,0,0,0,none
cell_r16_c13_blob_1_word_1.png,1,0,1,0,numbers
cell_r16_c14_blob_1_word_1.png,1,0,0,1,other
cell_r16_c14_blob_1_word_2.png,0,0,0,0,none
cell_r16_c14_blob_1_word_3.png,0,0,0,0,none
cell_r16_c15_blob_1_word_1.png,1,1,0,0,words
cell_r16_c15_blob_1_word_2.png,1,1,0,0,words
cell_r16_c15_blob_1_word_3.png,0,0,0,0,none
cell_r16_c15_blob_1_word_4.png,1,0,1,0,numbers
cell_r16_c16_blob_1_word_1.png,0,0,0,0,none
cell_r16_c17_blob_1_word_1.png,1,0,0,1,other
cell_r16_c17_blob_1_word_2.png,1,1,0,0,words
cell_r16_c17_blob_1_word_3.png,1,1,0,0,words
cell_r16_c17_blob_1_word_4.png,1,0,0,1,other
cell_r16_c18_blob_1_word_1.png,0,0,0,0,none
cell_r16_c18_blob_1_word_2.png,1,1,0,0,words
cell_r16_c18_blob_1_word_3.png,0,0,0,0,none
cell_r16_c18_blob_1_word_4.png,1,0,0,1,other
cell_r16_c1_blob_1_word_1.png,0,0,0,0,none
cell_r16_c1_blob_1_word_2.png,0,0,0,0,none
cell_r16_c1_blob_1_word_3.png,0,0,0,0,none
cell_r16_c1_blob_1_word_4.png,0,0,0,0,none
cell_r16_c1_blob_1_word_5.png,0,0,0,0,none
cell_r16_c4_blob_1_word_1.png,0,0,0,0,none
cell_r16_c5_blob_1_word_1.png,0,0,0,0,none
cell_r16_c6_blob_1_word_1.png,0,0,0,0,none
cell_r16_c6_blob_1_word_2.png,0,0,0,0,none
cell_r16_c6_blob_1_word_3.png,1,1,0,0,words
cell_r16_c6_blob_1_word_4.png,0,0,0,0,none
cell_r16_c6_blob_1_word_5.png,1,1,0,0,words
cell_r16_c7_blob_1_word_1.png,0,0,0,0,none
cell_r16_c8_blob_1_word_1.png,1,1,0,0,words
cell_r16_c9_blob_1_word_1.png,0,0,0,0,none
cell_r17_c0_blob_1_word_1.png,0,0,0,0,none
cell_r17_c10_blob_1_word_1.png,1,1,0,0,words
cell_r17_c10_blob_1_word_2.png,1,1,0,0,words
cell_r17_c10_blob_1_word_3.png,0,0,0,0,none
cell_r17_c10_blob_1_word_4.png,1,1,0,0,words
cell_r17_c10_blob_1_word_5.png,1,1,0,0,words
cell_r17_c11_blob_1_word_1.png,0,0,0,0,none
cell_r17_c11_blob_1_word_2.png,1,1,0,0,words
cell_r17_c11_blob_1_word_3.png,1,1,0,0,words
cell_r17_c11_blob_1_word_4.png,0,0,0,0,none
cell_r17_c12_blob_1_word_1.png,1,1,0,0,words
cell_r17_c12_blob_1_word_2.png,1,1,0,0,words
cell_r17_c14_blob_1_word_1.png,1,1,0,0,words
cell_r17_c14_blob_1_word_2.png,0,0,0,0,none
cell_r17_c14_blob_1_word_3.png,0,0,0,0,none
cell_r17_c14_blob_1_word_4.png,1,0,0,1,other
cell_r17_c15_blob_1_word_1.png,1,1,0,0,words
cell_r17_c15_blob_1_word_2.png,0,0,0,0,none
cell_r17_c15_blob_1_word_3.png,1,1,0,0,words
cell_r17_c15_blob_1_word_4.png,1,1,0,0,words
cell_r17_c15_blob_1_word_5.png,0,0,0,0,none
cell_r17_c16_blob_1_word_1.png,0,0,0,0,none
cell_r17_c17_blob_1_word_1.png,1,1,0,0,words
cell_r17_c17_blob_1_word_2.png,0,0,0,0,none
cell_r17_c17_blob_1_word_3.png,0,0,0,0,none
cell_r17_c17_blob_1_word_4.png,0,0,0,0,none
cell_r17_c18_blob_1_word_1.png,0,0,0,0,none
cell_r17_c18_blob_1_word_2.png,0,0,0,0,none
cell_r17_c18_blob_1_word_3.png,0,0,0,0,none
cell_r17_c18_blob_1_word_4.png,1,1,0,0,words
cell_r17_c1_blob_1_word_1.png,0,0,0,0,none
cell_r17_c1_blob_1_word_2.png,1,0,0,1,other
cell_r17_c1_blob_1_word_3.png,0,0,0,0,none
cell_r17_c1_blob_1_word_4.png,0,0,0,0,none
cell_r17_c4_blob_1_word_1.png,0,0,0,0,none
cell_r17_c5_blob_1_word_1.png,0,0,0,0,none
cell_r17_c6_blob_1_word_1.png,1,1,0,0,words
cell_r17_c6_blob_1_word_2.png,1,0,0,1,other
cell_r17_c6_blob_1_word_3.png,0,0,0,0,none
cell_r17_c6_blob_1_word_4.png,0,0,0,0,none
cell_r17_c7_blob_1_word_1.png,1,1,0,0,words
cell_r17_c8_blob_1_word_1.png,0,0,0,0,none
cell_r17_c9_blob_1_word_1.png,1,0,0,1,other
cell_r18_c11_blob_1_word_1.png,0,0,0,0,none
cell_r18_c11_blob_1_word_2.png,0,0,0,0,none
cell_r18_c12_blob_1_word_1.png,0,0,0,0,none
cell_r18_c15_blob_1_word_1.png,1,1,0,0,words
cell_r18_c15_blob_1_word_2.png,0,0,0,0,none
cell_r18_c15_blob_1_word_3.png,0,0,0,0,none
cell_r18_c17_blob_1_word_1.png,1,1,0,0,words
cell_r18_c17_blob_1_word_2.png,1,1,0,0,words
cell_r18_c17_blob_1_word_3.png,0,0,0,0,none
cell_r18_c18_blob_1_word_1.png,0,0,0,0,none
cell_r18_c18_blob_1_word_2.png,1,0,0,1,other
cell_r18_c18_blob_1_word_3.png,0,0,0,0,none
cell_r18_c1_blob_1_word_1.png,1,0,0,1,other
cell_r18_c1_blob_1_word_2.png,0,0,0,0,none
cell_r18_c1_blob_1_word_3.png,1,1,0,0,words
cell_r18_c1_blob_1_word_4.png,1,1,0,0,words
cell_r18_c1_blob_1_word_5.png,0,0,0,0,none
cell_r18_c1_blob_1_word_6.png,0,0,0,0,none
cell_r18_c1_blob_1_word_7.png,1,1,0,0,words
cell_r18_c1_blob_1_word_8.png,0,0,0,0,none
cell_r18_c1_blob_2_word_1.png,0,0,0,0,none
cell_r18_c4_blob_1_word_1.png,0,0,0,0,none
cell_r18_c7_blob_1_word_1.png,1,1,0,0,words
cell_r18_c7_blob_1_word_2.png,0,0,0,0,none
cell_r18_c8_blob_1_word_1.png,0,0,0,0,none
cell_r19_c0_blob_1_word_1.png,0,0,0,0,none
cell_r19_c11_blob_1_word_1.png,0,0,0,0,none
cell_r19_c11_blob_1_word_2.png,1,1,0,0,words
cell_r19_c11_blob_1_word_3.png,1,1,0,0,words
cell_r19_c11_blob_1_word_4.png,1,0,0,1,other
cell_r19_c15_blob_1_word_1.png,1,1,0,0,words
cell_r19_c15_blob_1_word_2.png,0,0,0,0,none
cell_r19_c15_blob_1_word_3.png,1,1,0,0,words
cell_r19_c17_blob_1_word_1.png,1,0,0,1,other
cell_r19_c17_blob_1_word_2.png,1,1,0,0,words
cell_r19_c17_blob_1_word_3.png,1,0,0,1,other
cell_r19_c17_blob_1_word_4.png,1,1,0,0,words
cell_r19_c18_blob_1_word_1.png,1,1,0,0,words
cell_r19_c18_blob_1_word_2.png,0,0,0,0,none
cell_r19_c18_blob_1_word_3.png,0,0,0,0,none
cell_r19_c18_blob_1_word_4.png,1,0,0,1,other
cell_r19_c1_blob_1_word_1.png,1,1,0,0,words
cell_r19_c1_blob_1_word_2.png,0,0,0,0,none
cell_r19_c4_blob_1_word_1.png,1,0,0,1,other
cell_r19_c6_blob_1_word_1.png,1,1,0,0,words
cell_r19_c7_blob_1_word_1.png,0,0,0,0,none
cell_r19_c7_blob_1_word_2.png,0,0,0,0,none
cell_r1_c0_blob_1_word_1.png,0,0,0,0,none
cell_r1_c0_blob_2_word_1.png,2,1,0,1,words
cell_r1_c1_blob_1_word_1.png,1,0,0,1,other
cell_r1_c1_blob_2_word_1.png,1,1,0,0,words
cell_r1_c1_blob_3_word_1.png,1,0,0,1,other
cell_r1_c2_blob_1_word_1.png,1,0,0,1,other
cell_r1_c2_blob_2_word_1.png,0,0,0,0,none
cell_r1_c3_blob_1_word_1.png,0,0,0,0,none
cell_r1_c3_blob_2_word_1.png,0,0,0,0,none
cell_r1_c3_blob_3_word_1.png,0,0,0,0,none
cell_r1_c3_blob_4_word_1.png,0,0,0,0,none
cell_r1_c3_blob_5_word_1.png,1,0,1,0,numbers
cell_r1_c3_blob_6_word_1.png,0,0,0,0,none
cell_r1_c4_blob_1_word_1.png,1,1,0,0,words
cell_r1_c4_blob_2_word_1.png,0,0,0,0,none
cell_r1_c4_blob_3_word_1.png,0,0,0,0,none
cell_r1_c4_blob_3_word_2.png,0,0,0,0,none
cell_r1_c4_blob_4_word_1.png,0,0,0,0,none
cell_r1_c4_blob_4_word_2.png,1,1,0,0,words
cell_r1_c5_blob_1_word_1.png,0,0,0,0,none
cell_r1_c5_blob_2_word_1.png,0,0,0,0,none
cell_r1_c5_blob_2_word_2.png,1,0,1,0,numbers
cell_r1_c5_blob_2_word_3.png,0,0,0,0,none
cell_r1_c5_blob_3_word_1.png,0,0,0,0,none
cell_r1_c5_blob_3_word_2.png,0,0,0,0,none
cell_r1_c5_blob_4_word_1.png,0,0,0,0,none
cell_r1_c5_blob_4_word_2.png,0,0,0,0,none
cell_r20_c11_blob_1_word_1.png,0,0,0,0,none
cell_r20_c11_blob_1_word_2.png,0,0,0,0,none
cell_r20_c11_blob_1_word_3.png,0,0,0,0,none
cell_r20_c14_blob_1_word_1.png,1,0,0,1,other
cell_r20_c15_blob_1_word_1.png,0,0,0,0,none
cell_r20_c15_blob_1_word_2.png,0,0,0,0,none
cell_r20_c17_blob_1_word_1.png,0,0,0,0,none
cell_r20_c17_blob_1_word_2.png,0,0,0,0,none
cell_r20_c17_blob_1_word_3.png,0,0,0,0,none
cell_r20_c17_blob_1_word_4.png,0,0,0,0,none
cell_r20_c17_blob_1_word_5.png,0,0,0,0,none
cell_r20_c18_blob_1_word_1.png,0,0,0,0,none
cell_r20_c18_blob_1_word_2.png,1,1,0,0,words
cell_r20_c18_blob_1_word_3.png,1,1,0,0,words
cell_r20_c18_blob_1_word_4.png,1,1,0,0,words
cell_r20_c18_blob_1_word_5.png,1,0,1,0,numbers
cell_r20_c1_blob_1_word_1.png,0,0,0,0,none
cell_r20_c7_blob_1_word_1.png,0,0,0,0,none
cell_r20_c7_blob_1_word_2.png,0,0,0,0,none
cell_r20_c7_blob_1_word_3.png,1,0,0,1,other
cell_r20_c7_blob_1_word_4.png,0,0,0,0,none
cell_r2_c0_blob_1_word_1.png,0,0,0,0,none
cell_r2_c0_blob_2_word_1.png,0,0,0,0,none
cell_r2_c0_blob_2_word_2.png,2,1,0,1,words
cell_r2_c10_blob_1_word_1.png,0,0,0,0,none
cell_r2_c10_blob_2_word_1.png,1,1,0,0,words
cell_r2_c11_blob_1_word_1.png,0,0,0,0,none
cell_r2_c11_blob_2_word_1.png,0,0,0,0,none
cell_r2_c11_blob_2_word_2.png,0,0,0,0,none
cell_r2_c11_blob_2_word_3.png,0,0,0,0,none
cell_r2_c11_blob_3_word_1.png,0,0,0,0,none
cell_r2_c11_blob_4_word_1.png,0,0,0,0,none
cell_r2_c1_blob_1_word_1.png,2,1,0,1,words
cell_r2_c1_blob_2_word_1.png,0,0,0,0,none
cell_r2_c1_blob_3_word_1.png,0,0,0,0,none
cell_r2_c1_blob_4_word_1.png,0,0,0,0,none
cell_r2_c1_blob_5_word_1.png,1,1,0,0,words
cell_r2_c1_blob_6_word_1.png,0,0,0,0,none
cell_r2_c2_blob_1_word_1.png,0,0,0,0,none
cell_r2_c2_blob_2_word_1.png,0,0,0,0,none
cell_r2_c2_blob_2_word_2.png,0,0,0,0,none
cell_r2_c3_blob_1_word_1.png,0,0,0,0,none
cell_r2_c3_blob_2_word_1.png,0,0,0,0,none
cell_r2_c3_blob_2_word_2.png,0,0,0,0,none
cell_r2_c3_blob_3_word_1.png,0,0,0,0,none
cell_r2_c3_blob_4_word_1.png,1,1,0,0,words
cell_r2_c3_blob_4_word_2.png,1,1,0,0,words
cell_r2_c3_blob_4_word_3.png,0,0,0,0,none
cell_r2_c4_blob_1_word_1.png,0,0,0,0,none
cell_r2_c4_blob_1_word_2.png,2,2,0,0,words
cell_r2_c4_blob_2_word_1.png,1,1,0,0,words
cell_r2_c4_blob_2_word_2.png,0,0,0,0,none
cell_r2_c5_blob_1_word_1.png,1,0,0,1,other
cell_r2_c5_blob_1_word_2.png,1,1,0,0,words
cell_r2_c5_blob_1_word_3.png,0,0,0,0,none
cell_r2_c5_blob_2_word_1.png,1,1,0,0,words
cell_r2_c5_blob_3_word_1.png,0,0,0,0,none
cell_r2_c5_blob_4_word_1.png,0,0,0,0,none
cell_r2_c5_blob_5_word_1.png,0,0,0,0,none
cell_r2_c5_blob_6_word_1.png,0,0,0,0,none
cell_r2_c5_blob_6_word_2.png,1,1,0,0,words
cell_r2_c6_blob_1_word_1.png,0,0,0,0,none
cell_r2_c6_blob_2_word_1.png,0,0,0,0,none
cell_r2_c6_blob_2_word_2.png,0,0,0,0,none
cell_r2_c7_blob_1_word_1.png,0,0,0,0,none
cell_r2_c7_blob_2_word_1.png,0,0,0,0,none
cell_r2_c7_blob_2_word_2.png,0,0,0,0,none
cell_r2_c7_blob_2_word_3.png,0,0,0,0,none
cell_r2_c7_blob_3_word_1.png,0,0,0,0,none
cell_r2_c7_blob_4_word_1.png,0,0,0,0,none
cell_r2_c8_blob_1_word_1.png,0,0,0,0,none
cell_r2_c8_blob_1_word_2.png,1,1,0,0,words
cell_r2_c8_blob_1_word_3.png,1,1,0,0,words
cell_r2_c8_blob_2_word_1.png,0,0,0,0,none
cell_r2_c8_blob_2_word_2.png,1,0,0,1,other
cell_r2_c9_blob_1_word_1.png,0,0,0,0,none
cell_r2_c9_blob_2_word_1.png,0,0,0,0,none
cell_r2_c9_blob_3_word_1.png,1,1,0,0,words
cell_r2_c9_blob_4_word_1.png,0,0,0,0,none
cell_r2_c9_blob_5_word_1.png,1,1,0,0,words
cell_r2_c9_blob_6_word_1.png,0,0,0,0,none
cell_r3_c11_blob_1_word_1.png,0,0,0,0,none
cell_r3_c13_blob_1_word_1.png,0,0,0,0,none
cell_r3_c13_blob_1_word_2.png,1,1,0,0,words
cell_r3_c14_blob_1_word_1.png,0,0,0,0,none
cell_r3_c15_blob_1_word_1.png,1,0,0,1,other
cell_r3_c16_blob_1_word_1.png,0,0,0,0,none
cell_r3_c17_blob_1_word_1.png,0,0,0,0,none
cell_r3_c18_blob_1_word_1.png,1,0,0,1,other
cell_r3_c18_blob_1_word_2.png,0,0,0,0,none
cell_r3_c1_blob_1_word_1.png,1,1,0,0,words
cell_r3_c2_blob_1_word_1.png,1,1,0,0,words
cell_r3_c3_blob_1_word_1.png,0,0,0,0,none
cell_r3_c4_blob_1_word_1.png,0,0,0,0,none
cell_r3_c5_blob_1_word_1.png,0,0,0,0,none
cell_r3_c6_blob_1_word_1.png,1,0,1,0,numbers
cell_r3_c7_blob_1_word_1.png,1,1,0,0,words
cell_r3_c8_blob_1_word_1.png,0,0,0,0,none
cell_r3_c9_blob_1_word_1.png,1,0,0,1,other
cell_r3_c9_blob_1_word_2.png,0,0,0,0,none
cell_r4_c10_blob_1_word_1.png,0,0,0,0,none
cell_r4_c10_blob_1_word_2.png,1,1,0,0,words
cell_r4_c10_blob_1_word_3.png,0,0,0,0,none
cell_r4_c10_blob_1_word_4.png,1,1,0,0,words
cell_r4_c11_blob_1_word_1.png,0,0,0,0,none
cell_r4_c11_blob_1_word_2.png,1,0,1,0,numbers
cell_r4_c11_blob_1_word_3.png,0,0,0,0,none
cell_r4_c11_blob_1_word_4.png,0,0,0,0,none
cell_r4_c12_blob_1_word_1.png,1,1,0,0,words
cell_r4_c13_blob_1_word_1.png,0,0,0,0,none
cell_r4_c14_blob_1_word_1.png,1,1,0,0,words
cell_r4_c14_blob_1_word_2.png,0,0,0,0,none
cell_r4_c14_blob_1_word_3.png,0,0,0,0,none
cell_r4_c15_blob_1_word_1.png,0,0,0,0,none
cell_r4_c15_blob_1_word_2.png,0,0,0,0,none
cell_r4_c15_blob_1_word_3.png,0,0,0,0,none
cell_r4_c16_blob_1_word_1.png,0,0,0,0,none
cell_r4_c16_blob_2_word_1.png,1,1,0,0,words
cell_r4_c17_blob_1_word_1.png,1,0,1,0,numbers
cell_r4_c17_blob_1_word_2.png,1,1,0,0,words
cell_r4_c17_blob_1_word_3.png,0,0,0,0,none
cell_r4_c17_blob_1_word_4.png,0,0,0,0,none
cell_r4_c17_blob_1_word_5.png,0,0,0,0,none
cell_r4_c18_blob_1_word_1.png,1,1,0,0,words
cell_r4_c18_blob_1_word_2.png,0,0,0,0,none
cell_r4_c18_blob_1_word_3.png,0,0,0,0,none
cell_r4_c1_blob_1_word_1.png,0,0,0,0,none
cell_r4_c1_blob_1_word_2.png,0,0,0,0,none
cell_r4_c1_blob_1_word_3.png,1,1,0,0,words
cell_r4_c1_blob_1_word_4.png,0,0,0,0,none
cell_r4_c1_blob_1_word_5.png,1,1,0,0,words
cell_r4_c1_blob_1_word_6.png,1,1,0,0,words
cell_r4_c4_blob_1_word_1.png,1,0,1,0,numbers
cell_r4_c5_blob_1_word_1.png,1,1,0,0,words
cell_r4_c6_blob_1_word_1.png,0,0,0,0,none
cell_r4_c6_blob_1_word_2.png,1,0,1,0,numbers
cell_r4_c6_blob_1_word_3.png,0,0,0,0,none
cell_r4_c6_blob_1_word_4.png,1,0,0,1,other
cell_r4_c6_blob_1_word_5.png,1,1,0,0,words
cell_r4_c7_blob_1_word_1.png,0,0,0,0,none
cell_r4_c7_blob_1_word_2.png,1,1,0,0,words
cell_r4_c7_blob_1_word_3.png,0,0,0,0,none
cell_r4_c8_blob_1_word_1.png,1,1,0,0,words
cell_r4_c9_blob_1_word_1.png,1,1,0,0,words
cell_r4_c9_blob_1_word_2.png,1,1,0,0,words
cell_r5_c0_blob_1_word_1.png,0,0,0,0,none
cell_r5_c1_blob_1_word_1.png,0,0,0,0,none
cell_r6_c0_blob_1_word_1.png,0,0,0,0,none
cell_r6_c0_blob_1_word_2.png,1,0,0,1,other
cell_r6_c10_blob_1_word_1.png,0,0,0,0,none
cell_r6_c10_blob_1_word_2.png,0,0,0,0,none
cell_r6_c11_blob_1_word_1.png,1,1,0,0,words
cell_r6_c11_blob_1_word_2.png,0,0,0,0,none
cell_r6_c11_blob_1_word_3.png,0,0,0,0,none
cell_r6_c12_blob_1_word_1.png,0,0,0,0,none
cell_r6_c13_blob_1_word_1.png,0,0,0,0,none
cell_r6_c14_blob_1_word_1.png,0,0,0,0,none
cell_r6_c15_blob_1_word_1.png,1,0,1,0,numbers
cell_r6_c15_blob_1_word_2.png,0,0,0,0,none
cell_r6_c15_blob_1_word_3.png,0,0,0,0,none
cell_r6_c15_blob_1_word_4.png,0,0,0,0,none
cell_r6_c16_blob_1_word_1.png,1,0,1,0,numbers
cell_r6_c16_blob_1_word_2.png,1,1,0,0,words
cell_r6_c17_blob_1_word_1.png,0,0,0,0,none
cell_r6_c18_blob_1_word_1.png,1,1,0,0,words
cell_r6_c18_blob_1_word_2.png,0,0,0,0,none
cell_r6_c18_blob_1_word_3.png,0,0,0,0,none
cell_r6_c18_blob_1_word_4.png,0,0,0,0,none
cell_r6_c18_blob_1_word_5.png,0,0,0,0,none
cell_r6_c18_blob_1_word_6.png,0,0,0,0,none
cell_r6_c1_blob_1_word_1.png,3,3,0,0,words
cell_r6_c1_blob_1_word_2.png,0,0,0,0,none
cell_r6_c1_blob_1_word_3.png,0,0,0,0,none
cell_r6_c1_blob_1_word_4.png,0,0,0,0,none
cell_r6_c4_blob_1_word_1.png,0,0,0,0,none
cell_r6_c5_blob_1_word_1.png,2,0,0,2,other
cell_r6_c6_blob_1_word_1.png,1,1,0,0,words
cell_r6_c6_blob_1_word_2.png,0,0,0,0,none
cell_r6_c7_blob_1_word_1.png,1,1,0,0,words
cell_r6_c7_blob_1_word_2.png,1,1,0,0,words
cell_r6_c7_blob_1_word_3.png,0,0,0,0,none
cell_r6_c7_blob_1_word_4.png,0,0,0,0,none
cell_r6_c8_blob_1_word_1.png,0,0,0,0,none
cell_r6_c9_blob_1_word_1.png,0,0,0,0,none
cell_r7_c0_blob_1_word_1.png,1,1,0,0,words
cell_r7_c0_blob_1_word_2.png,0,0,0,0,none
cell_r7_c10_blob_1_word_1.png,1,1,0,0,words
cell_r7_c10_blob_1_word_2.png,1,1,0,0,words
cell_r7_c10_blob_1_word_3.png,0,0,0,0,none
cell_r7_c11_blob_1_word_1.png,0,0,0,0,none
cell_r7_c11_blob_1_word_2.png,0,0,0,0,none
cell_r7_c11_blob_1_word_3.png,0,0,0,0,none
cell_r7_c11_blob_1_word_4.png,0,0,0,0,none
cell_r7_c11_blob_1_word_5.png,0,0,0,0,none
cell_r7_c12_blob_1_word_1.png,0,0,0,0,none
cell_r7_c13_blob_1_word_1.png,0,0,0,0,none
cell_r7_c14_blob_1_word_1.png,1,1,0,0,words
cell_r7_c14_blob_1_word_2.png,0,0,0,0,none
cell_r7_c14_blob_1_word_3.png,0,0,0,0,none
cell_r7_c15_blob_1_word_1.png,1,0,1,0,numbers
cell_r7_c15_blob_1_word_2.png,0,0,0,0,none
cell_r7_c15_blob_1_word_3.png,0,0,0,0,none
cell_r7_c16_blob_1_word_1.png,1,1,0,0,words
cell_r7_c17_blob_1_word_1.png,0,0,0,0,none
cell_r7_c17_blob_1_word_2.png,0,0,0,0,none
cell_r7_c17_blob_1_word_3.png,0,0,0,0,none
cell_r7_c17_blob_1_word_4.png,0,0,0,0,none
cell_r7_c18_blob_1_word_1.png,0,0,0,0,none
cell_r7_c18_blob_1_word_2.png,0,0,0,0,none
cell_r7_c18_blob_1_word_3.png,1,1,0,0,words
cell_r7_c18_blob_1_word_4.png,1,0,1,0,numbers
cell_r7_c1_blob_1_word_1.png,0,0,0,0,none
cell_r7_c1_blob_1_word_2.png,0,0,0,0,none
cell_r7_c1_blob_1_word_3.png,0,0,0,0,none
cell_r7_c1_blob_1_word_4.png,0,0,0,0,none
cell_r7_c4_blob_1_word_1.png,0,0,0,0,none
cell_r7_c5_blob_1_word_1.png,1,0,0,1,other
cell_r7_c6_blob_1_word_1.png,1,1,0,0,words
cell_r7_c6_blob_1_word_2.png,1,0,0,1,other
cell_r7_c6_blob_1_word_3.png,0,0,0,0,none
cell_r7_c6_blob_1_word_4.png,0,0,0,0,none
cell_r7_c6_blob_1_word_5.png,1,0,1,0,numbers
cell_r7_c7_blob_1_word_1.png,1,1,0,0,words
cell_r7_c8_blob_1_word_1.png,0,0,0,0,none
cell_r8_c0_blob_1_word_1.png,1,1,0,0,words
cell_r8_c0_blob_1_word_2.png,1,1,0,0,words
cell_r8_c10_blob_1_word_1.png,0,0,0,0,none
cell_r8_c11_blob_1_word_1.png,0,0,0,0,none
cell_r8_c11_blob_1_word_2.png,0,0,0,0,none
cell_r8_c11_blob_1_word_3.png,1,0,0,1,other
cell_r8_c12_blob_1_word_1.png,0,0,0,0,none
cell_r8_c12_blob_1_word_2.png,1,1,0,0,words
cell_r8_c12_blob_1_word_3.png,1,1,0,0,words
cell_r8_c12_blob_1_word_4.png,0,0,0,0,none
cell_r8_c13_blob_1_word_1.png,1,1,0,0,words
cell_r8_c14_blob_1_word_1.png,0,0,0,0,none
cell_r8_c15_blob_1_word_1.png,1,0,1,0,numbers
cell_r8_c15_blob_1_word_2.png,0,0,0,0,none
cell_r8_c16_blob_1_word_1.png,1,0,1,0,numbers
cell_r8_c16_blob_1_word_2.png,1,1,0,0,words
cell_r8_c16_blob_1_word_3.png,0,0,0,0,none
cell_r8_c16_blob_1_word_4.png,0,0,0,0,none
cell_r8_c16_blob_1_word_5.png,0,0,0,0,none
cell_r8_c17_blob_1_word_1.png,0,0,0,0,none
cell_r8_c18_blob_1_word_1.png,1,1,0,0,words
cell_r8_c18_blob_1_word_2.png,0,0,0,0,none
cell_r8_c18_blob_1_word_3.png,0,0,0,0,none
cell_r8_c19_blob_1_word_1.png,1,0,0,1,other
cell_r8_c19_blob_1_word_2.png,0,0,0,0,none
cell_r8_c19_blob_1_word_3.png,0,0,0,0,none
cell_r8_c19_blob_1_word_4.png,0,0,0,0,none
cell_r8_c19_blob_1_word_5.png,0,0,0,0,none
cell_r8_c1_blob_1_word_1.png,0,0,0,0,none
cell_r8_c1_blob_1_word_2.png,1,0,0,1,other
cell_r8_c1_blob_1_word_3.png,4,2,1,1,words
cell_r8_c1_blob_1_word_4.png,1,1,0,0,words
cell_r8_c4_blob_1_word_1.png,1,1,0,0,words
cell_r8_c5_blob_1_word_1.png,0,0,0,0,none
cell_r8_c6_blob_1_word_1.png,0,0,0,0,none
cell_r8_c7_blob_1_word_1.png,1,0,0,1,other
cell_r9_c0_blob_1_word_1.png,1,1,0,0,words
cell_r9_c1_blob_1_word_1.png,1,0,0,1,other
cell_r9_c1_blob_1_word_2.png,0,0,0,0,none
cell_r9_c1_blob_1_word_3.png,2,2,0,0,words
cell_r9_c1_blob_1_word_4.png,0,0,0,0,none
cell_r9_c1_blob_1_word_5.png,1,1,0,0,words
cell_r9_c1_blob_1_word_6.png,0,0,0,0,none
